,master_cpd_id,cpd_smiles
0,25036,CC(C)c1c(O)c(O)c(C=O)c2c(O)c(c(C)cc12)-c1c(C)cc2c(C(C)C)c(O)c(O)c(C=O)c2c1O
1,25344,Fc1c[nH]c(=O)[nH]c1=O
2,26870,CN\C(NCCSCc1nc[nH]c1C)=N/C#N
3,26874,Nc1ncn([C@@H]2O[C@H](CO)[C@@H](O)[C@H]2O)c(=O)n1
4,26914,CN1CCN(CCCN2c3ccccc3Sc3ccc(cc23)C(F)(F)F)CC1
5,26972,CC\C(c1ccccc1)=C(/c1ccccc1)c1ccc(OCCN(C)C)cc1
6,27871,COc1cc(cc(OC)c1O)[C@H]1[C@@H]2C(COC2=O)C(O[C@@H]2O[C@@H]3CO[C@H](OC3[C@H](O)[C@H]2O)c2cccs2)c2cc3OCOc3cc12
7,27872,CCCc1nn(C)c2C(=O)NC(=Nc12)c3cc(ccc3OCC)S(=O)(=O)N4CCN(C)CC4
8,27894,CCC(C)(C)C(=O)O[C@H]1C[C@@H](C)C=C2C=C[C@H](C)[C@H](CC[C@@H]3C[C@@H](O)CC(=O)O3)[C@@H]12
9,28784,Cc1cc(C2CCCCC2)n(O)c(=O)c1
10,30371,CN(Cc1cnc2nc(N)nc(N)c2n1)c1ccc(cc1)C(=O)N[C@@H](CCC(O)=O)C(O)=O
11,30620,CCC(C)C(=O)OC1CC(C)C=C2C=CC(C)C(CCC(O)CC(O)CC(O)=O)C12
12,32372,Cc1onc(c1-c1ccc(cc1)S(N)(=O)=O)-c1ccccc1
13,33166,CN1CCN(CCCN2c3ccccc3Sc3ccc(Cl)cc23)CC1
14,36599,COc1cccc2C(=O)c3c(O)c4C[C@](O)(C[C@H](O[C@H]5C[C@H](N)[C@H](O)[C@H](C)O5)c4c(O)c3C(=O)c12)C(=O)CO
15,37190,C[C@@H]1O[C@@H](O[C@H]2C[C@@H](O)[C@]3(CO)[C@H]4[C@H](O)C[C@]5(C)[C@H](CC[C@]5(O)[C@@H]4CC[C@]3(O)C2)C2=CC(=O)OC2)[C@H](O)[C@H](O)[C@H]1O
16,44511,O=C1c2ccccc2-c2n[nH]c3cccc1c23
17,44554,CCCCCCCCCCCCC\C=C\[C@@H](O)[C@H](CO)NC(=O)CCCCC
18,44580,CC[C@@]1(O)C(=O)OCc2c1cc1-c3nc4ccc(O)c(CN(C)C)c4cc3Cn1c2=O
19,46792,CC(Nc1nc(nc2ccccc12)N1CCCC1)c1ccccc1
20,48589,COc1cc(cc(OC)c1O)[C@H]1[C@@H]2[C@H](COC2=O)[C@H](O[C@@H]2O[C@@H]3CO[C@@H](C)O[C@H]3[C@H](O)[C@H]2O)c2cc3OCOc3cc12
21,50131,OCC1(CO)N2CCC(CC2)C1=O
22,50134,CO[C@H]1C[C@H](C)CC2=C(NCC=C)C(=O)C=C(NC(=O)\C(C)=C\C=C/[C@H](OC)[C@@H](OC(N)=O)\C(C)=C\[C@H](C)[C@H]1O)C2=O
23,50140,Cc1ccc2N=C3N(CCC3(O)C(=O)c2c1)c1ccccc1
24,50715,OCCSC1=C(SCCO)C(=O)c2ccccc2C1=O
25,50727,CCCC[C@@H](C)\C=C(C)\C=C(/C)C(=O)NC1=C[C@@](O)(\C=C\C=C\C=C\C(=O)NC2C(=O)CCC2=O)[C@@H]2O[C@@H]2C1=O
26,50737,CO[C@@H]1C[C@@H](CC[C@H]1O)\C=C(/C)[C@H]1OC(=O)[C@@H]2CCCCN2C(=O)C(=O)[C@]2(O)O[C@@H]([C@H](C[C@H]2C)OC)[C@H](C[C@@H](C)C\C(C)=C\[C@@H](CC=C)C(=O)C[C@H](O)[C@H]1C)OC
27,50753,NC(=O)c1ccc(cc1)-c1nc(c([nH]1)-c1ccccn1)-c1ccc2OCOc2c1
28,52123,Oc1cc(ccc1NC(=O)Nc1ccccc1Br)[N+]([O-])=O
29,52430,C\C=C\C\C=C\CCC(=O)[C@H]1O[C@H]1C(N)=O
30,52576,C1CCC(CC1)n1cnc2c(Nc3ccc(cc3)N3CCOCC3)nc(Oc3cccc4ccccc34)nc12
31,52882,Cc1nc(Nc2ncc(s2)C(=O)Nc2c(C)cccc2Cl)cc(n1)N1CCN(CCO)CC1
32,52928,COCCOc1cc2ncnc(Nc3cccc(c3)C#C)c2cc1OCCOC
33,54210,Cc1[nH]c2ccccc2c1CCNCc1ccc(\C=C\C(=O)NO)cc1
34,55307,Cc1ccccc1-n1c(Cn2cnc3c(N)ncnc23)nc2cccc(C)c2c1=O
35,55512,CCC1NC(=O)C([C@H](O)[C@H](C)C\C=C\C)N(C)C(=O)C(C(C)C)N(C)C(=O)C(CC(C)C)N(C)C(=O)C(CC(C)C)N(C)C(=O)[C@@H](C)NC(=O)C(C)NC(=O)C(CC(C)C)N(C)C(=O)C(NC(=O)C(CC(C)C)N(C)C(=O)CN(C)C1=O)C(C)C
36,56703,CO[C@@H]1C[C@H](C[C@@H](C)[C@@H]2CC(=O)[C@H](C)\C=C(C)\[C@@H](O)[C@@H](OC)C(=O)[C@H](C)C[C@H](C)\C=C\C=C\C=C(C)\[C@H](C[C@@H]3CC[C@@H](C)[C@@](O)(O3)C(=O)C(=O)N3CCCC[C@H]3C(=O)O2)OC)CC[C@H]1O
37,58339,O=c1cc(oc(c1)-c1cccc2Sc3ccccc3Sc12)N1CCOCC1
38,58442,N[C@@H](CC(=O)N1CCn2c(C1)nnc2C(F)(F)F)Cc1cc(F)c(F)cc1F
39,58472,CCCCCCCCCC(=O)N[C@H](CN1CCOCC1)[C@H](O)c1ccccc1
40,60218,Nc1ccccc1NC(=O)c1ccc(CNC(=O)OCc2cccnc2)cc1
41,60679,N[C@H](CSCCB(O)O)C(O)=O
42,61097,CC[C@@H](C)[C@@H]1NC(=O)[C@H](Cc2cn(OC)c3ccccc23)NC(=O)[C@H](CCCCCC(=O)CC)NC(=O)[C@H]2CCCCN2C1=O
43,61674,CC(=O)Nc1ccc(cc1)C(=O)Nc1cc(ccc1N)-c1cccs1
44,61724,CN1CCCCC1NC(=O)[C@H](CCCCCC(C)=O)C(=O)Nc1nc(cs1)-c1ccccc1
45,61775,CCCCCCN(CCCCCC)C(=O)Cc1c([nH]c2ccccc12)-c1ccc(F)cc1
46,63578,CCOc1ccccc1-n1c(=O)c2ccccc2nc1C(C)N1CCN(CC1)C(=O)COc1ccc(Cl)cc1
47,96171,Cc1cc(C(=O)CN2C(=O)CCC2=O)c(C)n1Cc1ccccc1
48,122255,O=c1n(Cc2ccccc2)c(\C=C\c2cccnc2)nc2ccccc12
49,153820,Brc1cc2OCOc2cc1C1Nc2ccccc2C2C=CCC12
50,182395,OC(=O)c1cc2cc(OCc3ccccc3)ccc2[nH]1
51,185987,CC1(C)CN=C(S1)N1CCN(CC1)c1ncnc2sc3CCCCc3c12
52,199337,C(Nc1nc(NCc2ccccc2)c2ccccc2n1)c1ccccc1
53,255961,COc1ccc(cc1)S(=O)(=O)N1CCN(CC1)S(=O)(=O)c1ccc2OCCOc2c1
54,267119,CN(C1CCS(=O)(=O)C1)C(=O)COC(=O)\C=C\c1cccc(c1)[N+]([O-])=O
55,272805,Cc1cc(C(=O)CN2CCCC2)c(C)n1-c1ccc(F)cc1
56,290356,CCN1CCN(CC1)C(c1ccc(cc1)C(F)(F)F)c1ccc2cccnc2c1O
57,345041,CN1CCN(Cc2ccc(cc2)C(=O)Nc2ccc(C)c(Nc3nccc(n3)-c3cccnc3)c2)CC1
58,347775,Nc1ncn([C@H]2C[C@H](O)[C@@H](CO)O2)c(=O)n1
59,347812,Cc1c[nH]c(n1)-c1cnc(NCCNc2ccc(cn2)C#N)nc1-c1ccc(Cl)cc1Cl
60,347813,CC[C@H]1N(C2CCCC2)c2nc(Nc3ccc(cc3OC)C(=O)NC3CCN(C)CC3)ncc2N(C)C1=O
61,348997,COc1cc2ncn(-c3cc(OCc4ccccc4C(F)(F)F)c(s3)C(N)=O)c2cc1OC
62,349002,COc1cc2c(Nc3ccc(Br)cc3F)ncnc2cc1OCC1CCN(C)CC1
63,349006,CNC(=O)c1cc(Oc2ccc(NC(=O)Nc3ccc(Cl)c(c3)C(F)(F)F)cc2)ccn1
64,362063,COC(=O)c1ccc2n(CCCc3ccccc3)c(NC(=O)c3ccccc3)nc2c1
65,362338,CC1(C)Cc2c(c(nn2-c2ccc(C(N)=O)c(N[C@H]3CC[C@H](O)CC3)c2)C(F)(F)F)C(=O)C1
66,374747,Cc1cc2c(cc1C(=C)c1ccc(cc1)C(O)=O)C(C)(C)CCC2(C)C
67,374749,Cc1cn(cn1)-c1cc(NC(=O)c2ccc(C)c(Nc3nccc(n3)-c3cccnc3)c2)cc(c1)C(F)(F)F
68,374750,CCN(CC)CCNC(=O)c1c(C)[nH]c(\C=C2/C(=O)Nc3ccc(F)cc23)c1C
69,375256,OC(=O)c1ccc2cc(ccc2c1)-c1ccc(O)c(c1)C12CC3CC(CC(C3)C1)C2
70,375264,CC(C)c1ccc(Cn2ccc3c2ccc2nc(NC4CC4)nc(N)c32)cc1
71,375354,CN1c2cc3c(cc2N=C(c2ccc(cc2)C(O)=O)c2ccccc12)C(C)(C)CCC3(C)C
72,375366,Oc1ccc(Nc2nc(cs2)-c2ccc(Cl)cc2)cc1
73,375447,COc1ccc2n(C(=O)c3cccc(Cl)c3Cl)c(C)c(CCN3CCOCC3)c2c1
74,375487,CCCCCCCCc1ccc(cc1)-c1ccc(cc1)C(O)=O
75,375492,OCc1ccc(s1)-c1ccc(o1)-c1ccc(CO)s1
76,375496,CN(C)C(=O)n1nnnc1Cc1ccc(cc1)-c1ccccc1
77,375562,OC(=O)c1ccc(cc1)-c1ccc2cc(c(O)cc2c1)C12CC3CC(CC(C3)C1)C2
78,375564,NC(=O)Nc1sc(cc1C(N)=O)-c1ccc(F)cc1
79,375594,Cc1ccc(C=C2CNCC(=Cc3ccc(C)cc3)C2=O)cc1
80,375596,NS(=O)(=O)C#Cc1ccccc1
81,375637,CCc1c2Cn3c(cc4c(COC(=O)C4(O)CC)c3=O)-c2nc2ccc(O)cc12
82,376307,CC(=O)N1CCC(CC1)C(=O)Nc1cc(ccc1N)-c1cccs1
83,376693,Nc1ccc(cc1NC(=O)C1=CCCC1)-c1cccs1
84,377381,NC1(CCC1)c1ccc(cc1)-c1nc2ccn3c(n[nH]c3=O)c2cc1-c1ccccc1
85,385240,COc1ccc(OC)c(c1)-c1nnc2SCC(=Nn12)c1ccc(OC)c(OC)c1
86,389297,CC(=O)NC1CCN(CC1)C(=O)Nc1cc(ccc1N)-c1cccs1
87,404070,C[C@@H](CO)N1C[C@H](C)[C@@H](CN(C)Cc2ccc(cc2)C(O)=O)Oc2cc(ccc2S1(=O)=O)C#CCC1CCCC1
88,411714,CC1CCC\C=C/C2CC(O)CC2C(O)\C=C/C(=O)O1
89,411716,Clc1ccc(Cl)c(c1)-c1ccc(\C=C(/C#N)C(=O)Nc2cccc3ncccc23)o1
90,411717,CC(C)C[C@H](NC(=O)[C@@H](C[C@@H](O)[C@H](Cc1ccccc1)NC(=O)OC(C)(C)C)Cc1ccccc1)C(=O)N[C@@H](Cc1ccccc1)C(N)=O
91,411719,O=C(Nc1ccccc1)N1CCC(Cc2cnc3ccccc3c2)CC1
92,411722,COc1ccc(C2=NC(C(N2C(=O)N2CCNC(=O)C2)c2ccc(Cl)cc2)c2ccc(Cl)cc2)c(OC(C)C)c1
93,411727,Brc1ccc(OCc2ccccc2Br)c(\C=C2\SC(=S)NC2=O)c1
94,411734,Cc1ccc(cc1)S(=O)(=O)OCC(=O)Nc1ccc(C(O)=O)c(O)c1
95,411737,CC(C)C[C@H](NC(=O)[C@H](Cc1ccccc1)NC(=O)c1cnccn1)B(O)O
96,411738,CN(C)CC[C@H](CSc1ccccc1)Nc1ccc(cc1[N+]([O-])=O)S(=O)(=O)NC(=O)c1ccc(cc1)N1CCN(Cc2ccccc2-c2ccc(Cl)cc2)CC1
97,411739,OC[C@H]1O[C@H](C(O)[C@H]1O)n1cccnc1=O
98,411742,Oc1cccc(c1)-c1nc(N2CCOCC2)c2oc3ncccc3c2n1
99,411749,CN1CCc2c(C1)c1ccccc1n2Cc1ccc(cc1)C(=O)NO
100,411770,CON(C)C(=O)[C@H]1[C@@H](O)[C@@]2(O)c3c(O[C@]2([C@@H]1c1ccccc1)c1ccc(OC)cc1)cc(OC)cc3OC
101,411805,CCOC(=O)\C=C/n1nnc(n1)-c1cccc(Cl)c1
102,411809,NS(=O)(=O)OC[C@@H]1C[C@H](C[C@@H]1O)n1ccc2c(N[C@H]3CCc4ccccc34)ncnc12
103,411814,CN(C)C(=O)c1ccc(cc1)S(=O)(=O)c1ccc(NC(=O)[C@@](C)(O)C(F)(F)F)c(Cl)c1
104,411815,Nc1ncnc2n([C@@H]3O[C@H](COCc4ccc(cc4)C#N)[C@@H](O)[C@H]3O)c(NCc3ccc(Cl)c(Cl)c3)nc12
105,411816,Nc1cccc(c1)S(=O)(=O)N1CCCN(CC1)S(=O)(=O)c1ccc2OCCOc2c1
106,411820,O=C(Nc1cc(CN2CCNCC2)cc(c1)-c1nc2ccccc2[nH]1)c1cnc2ccccc2n1
107,411824,O=C(NCCN1CCC2(CC1)N(CNC2=O)c1ccccc1)c1ccc2ccccc2c1
108,411827,Oc1cccc2cc(C(=O)Nc3cccc(c3)-c3cn4ccccc4n3)c(=O)oc12
109,411831,OC(=O)[C@H](Cc1c[nH]c2ccccc12)N1C(=O)c2ccccc2C1=O
110,411832,Oc1c(CC=C)cccc1\C=N\NC(=O)CN1CCN(Cc2ccccc2)CC1
111,411843,Clc1ccc(OCCCCCC\N=C(\NC#N)Nc2ccncc2)cc1
112,411863,Nc1ccn([C@@H]2O[C@H](CO)[C@@H](O)C2(F)F)c(=O)n1
113,411865,Oc1cccc(C(=O)Nc2cccc(NC(=O)c3cccc(O)c3O)c2)c1O
114,411867,Fc1ccc(Cc2n[nH]c(=O)c3ccccc23)cc1C(=O)N1CCN(CC1)C(=O)C1CC1
115,411874,NS(=O)(=O)c1ccc(cc1)S(=O)(=O)Nc1cccc2c(Cl)c[nH]c12
116,416777,CCOc1cc(cc(Cl)c1OCC(=O)OC)\C=C1C(=O)N(N=C/1C)c1ccccc1
117,417098,ONC(=O)\C=C\c1ccc(cc1)C(=O)N\N=C\c1ccc(O)c(O)c1O
118,417415,Fc1ccc(Nc2c(cnc3c(Cl)cc(NCc4cnc[nH]4)cc23)C#N)cc1Cl
119,417416,Cn1cncc1[C@@](N)(c1ccc(Cl)cc1)c1ccc2n(C)c(=O)cc(-c3cccc(Cl)c3)c2c1
120,417417,Cn1cncc1[C@](N)(c1ccc(Cl)cc1)c1ccc2n(C)c(=O)cc(-c3cccc(Cl)c3)c2c1
121,417818,COc1cc(Nc2ncc(F)c(Nc3ccc4OC(C)(C)C(=O)Nc4n3)n2)cc(OC)c1OC
122,417977,CCCCCCC(=O)CCCCCC\C=C\C[C@H](O)[C@@H](O)C(N)(CO)C(O)=O
123,417979,COCCn1c2c(C(=O)c3ccccc3C2=O)[n+](Cc2cnccn2)c1C
124,417981,C[C@]1(CCCN1c1nc(Nc2cc(n[nH]2)C2CC2)c2cccn2n1)C(=O)Nc1ccc(F)nc1
125,417982,C\C(=C/C(=O)Nc1ccccc1C(O)=O)c1ccc2ccccc2c1
126,418038,CCOc1cc2ncc(C#N)c(Nc3ccc(OCc4ccccn4)c(Cl)c3)c2cc1NC(=O)\C=C\CN(C)C
127,418163,CC1=NN(C(=O)C\1=C\c1ccc(o1)-c1cc(C)c(C)cc1[N+]([O-])=O)c1ccc(cc1)C(O)=O
128,418164,C(Cc1c[nH]c2ccccc12)Nc1cccc(Nc2ccncc2)c1
129,418166,O=C(NCCCCC1CCN(CC1)C(=O)c1ccccc1)\C=C\c1cccnc1
130,418167,CN1CCN(CC1)c1ccc(Nc2ncc3c(n2)n(-c2cccc(n2)C(C)(C)O)n(CC=C)c3=O)cc1
131,418170,COc1cc2nccc(Oc3ccc(NC(=O)Nc4cc(C)on4)c(Cl)c3)c2cc1OC
132,418172,COc1ccc2c3C[C@@H]4N([C@@H](CC(C)C)c3[nH]c2c1)C(=O)[C@H](CCC(=O)OC(C)(C)C)NC4=O
133,418209,CONC(=O)[C@H]1[C@@H](O)[C@@]2(O)c3c(O[C@]2([C@@H]1c1ccccc1)c1ccc(OC)cc1)cc(OC)cc3OC
134,434195,CC(C)NC(=O)Nc1ccc2O[C@@H](CN(C)S(=O)(=O)c3ccc(Cl)cc3)[C@H](C)CN([C@H](C)CO)C(=O)c2c1
135,464880,C[C@]12CC[C@H]3[C@H]([C@@H]1CC[C@@H]2O)[C@H](CCCCCCCCCS(=O)CCCC(F)(F)C(F)(F)F)Cc1cc(O)ccc31
136,481311,CN(C)CCCNc1c2ccccc2n(C)c2nc(=O)n(C)c(=O)c12
137,594399,O[As](O)(=O)c1ccc(Cc2ccc(cc2)[As](O)(O)=O)cc1
138,594663,COC[C@]1(CO)[N@@]2CC[C@@H](CC2)C1=O
139,594665,COc1cc2c(NC3CCN(CC3)C(C)C)nc(nc2cc1OCCCN1CCCC1)C1CCCCC1
140,606033,Cc1ccc(F)c(NC(=O)Nc2ccc(cc2)-c2cccc3[nH]nc(N)c23)c1
141,606034,C[C@@]1(CCCN1)c1nc2c(cccc2[nH]1)C(N)=O
142,606035,CN1CCN(CCOc2cc(OC3CCOCC3)c3c(Nc4c5OCOc5ccc4Cl)ncnc3c2)CC1
143,606135,CN(C)C\C=C\C(=O)Nc1cc2c(Nc3ccc(F)c(Cl)c3)ncnc2cc1O[C@H]1CCOC1
144,606138,Fc1ccc(Nc2ncnc3cc(OCCCN4CCOCC4)c(NC(=O)C=C)cc23)cc1Cl
145,606142,COC1=CC(=N\C\1=C/c1[nH]c(C)cc1C)c1cc2ccccc2[nH]1
146,606143,CN1CCN(Cc2ccc(cc2)C(=O)Nc2ccc(C)c(Nc3nc(cs3)-c3cccnc3)c2)CC1
147,606144,FC(F)c1nc2ccccc2n1-c1nc(nc(n1)N1CCOCC1)N1CCOCC1
148,606246,C[C@@H](O)COc1cn2ncnc(Oc3ccc4[nH]c(C)cc4c3F)c2c1C
149,606248,OCCn1cc(c(n1)-c1ccncc1)-c1ccc2c(CC\C2=N/O)c1
150,606249,COc1cc(ccc1Nc1ncc(Cl)c(Nc2ccccc2S(=O)(=O)C(C)C)n1)N1CCC(CC1)N1CCN(C)CC1
151,606254,CC(C)(C)c1cnc(CSc2cnc(NC(=O)C3CCNCC3)s2)o1
152,606256,CCCS(=O)(=O)Nc1ccc(F)c(C(=O)c2c[nH]c3ncc(Cl)cc23)c1F
153,606356,CC(Nc1ccccc1)c1cc(C)cn2c1nc(cc2=O)N1CCOCC1
154,606363,COc1ccc(cc1CO)-c1ccc2c(nc(nc2n1)N1C[C@H](C)O[C@H](C)C1)N1CCOCC1
155,606586,CN(c1cccc(Cl)c1)S(=O)(=O)c1ccc2NC(=O)\C(=C/c3[nH]c(C)c(C(=O)N4CCN(C)CC4)c3C)c2c1
156,606670,COc1ccc(Cn2ccc3ccc(cc23)C(=O)NO)cc1
157,608062,CC(=O)NC[C@@H]1C[C@H](CN1)NS(=O)(=O)c1cccc2cncc(C)c12
158,608999,NC(=O)[C@H]1CCCc2c1[nH]c1ccc(Cl)cc21
159,609060,COC(=O)[C@H]1Cc2c([nH]c3ccccc23)[C@@H](N1C(=O)CCl)c1ccc(cc1)C(=O)OC
160,609062,CN(C)CCCNc1nc(CN2CCN(CC2)C(c2ccc(Cl)cc2)c2ccc(Cl)cc2)nc2ccccc12
161,609063,CC(C)n1cnc2c(NCCc3ccc(O)cc3)nc(nc12)-c1csc2ccccc12
162,609124,CCC(C)SSc1ncc[nH]1
163,609596,CC(C)c1ccccc1Cc1cc(C(=O)Nc2ccc(cc2)S(=O)(=O)c2ccccc2C(C)(C)C)c(O)c(O)c1O
164,609639,COc1ccc(cc1CO)-c1ccc2c(nc(nc2n1)N1CCOC[C@@H]1C)N1CCOC[C@@H]1C
165,609681,OC[C@H](Cc1ccccc1)Nc1nc(Oc2ccc3CCCc3c2)nc2n(Cc3ccc(cc3)-c3ccccc3)cnc12
166,616353,CCCC[C@@H](C)[C@@H](OC(=O)C[C@@H](CC(O)=O)C(O)=O)[C@H](CC(C)C[C@H](O)CCCC[C@@H](O)C[C@H](O)[C@H](C)N)OC(=O)C[C@@H](CC(O)=O)C(O)=O
167,616354,Cc1sc-2c(c1C)C(=N[C@@H](CC(=O)OC(C)(C)C)c1nnc(C)n-21)c1ccc(Cl)cc1
168,616355,ONC(=O)c1cccc(c1)C(=O)Nc1ccccc1
169,616408,CC(=O)N[C@H]1C[C@H](C1)C(=O)Nc1cc(ccc1N)-c1ccc(F)cc1
170,622913,COc1cc2ncn(-c3cc(OCc4ccccc4S(C)(=O)=O)c(s3)C#N)c2cc1OC
171,628408,Cc1ccc(cc1)C(=O)NCCCCCC(=O)Nc1ccc(F)cc1N
172,628601,COC(=O)c1ccc2c(NC(=O)\C2=C(/Nc2ccc(cc2)N(C)C(=O)CN2CCN(C)CC2)c2ccccc2)c1
173,628607,COc1cc2c(Oc3ccc(NC(=O)C4(CC4)C(=O)Nc4ccc(F)cc4)cc3F)ccnc2cc1OCCCN1CCOCC1
174,628613,CNC(=O)c1cc(Oc2ccc(NC(=O)Nc3ccc(Cl)c(c3)C(F)(F)F)c(F)c2)ccn1
175,628614,CN1CCN(CC1)c1ccc(Nc2ncc(Cl)c(Sc3cccc(NC(=O)C=C)c3)n2)cc1
176,628620,FC(F)(F)Oc1ccc(NC(=O)c2sccc2NCc2ccnc3ccccc23)cc1
177,628622,Cn1cnc(c1)-c1cc2nccc(Oc3ccc(NC(=S)NC(=O)Cc4ccccc4)cc3F)c2s1
178,628639,COc1cc2nccc(Oc3ccc(NC(=O)NC4CC4)c(Cl)c3)c2cc1C(N)=O
179,632103,COc1ccc(cc1)C(=O)CC1(O)C(=O)Nc2c1c(Cl)ccc2Cl
180,632104,O=C(CCCCCCCn1cc(nn1)-c1cccnc1)Nc1ccccc1-c1ccccc1
181,632119,CCN1CCN(CC(=O)Nc2ccc(-c3cccc4c3oc(cc4=O)N3CCOCC3)c3sc4ccccc4c23)CC1
182,632243,O[C@H]1C=C2[C@@H](NC(=O)c3c(O)c4OCOc4cc23)[C@H](O)[C@@H]1O
183,632873,CC(C)C[C@H](NC(=O)CNC(=O)c1cc(Cl)ccc1Cl)B(O)O
184,632907,CC(C)(C)OC(=O)Nc1ccc(cc1)-c1cc(no1)C(=O)NCCCCCCC(=O)NO
185,634814,CC(=O)Nc1ccc(cc1)C(=O)Nc1ccc(F)cc1N
186,635576,COc1cc2c(NC3CCN(C)CC3)nc(nc2cc1OCCOCCN(C)C)N1CCCN(C)CC1
187,635882,Cn1cc(cn1)-c1ccc2nnc(Sc3ccc4ncccc4c3)n2n1
188,636711,COc1cc(Nc2ncc3CN=C(c4cc(Cl)ccc4-c3n2)c2c(F)cccc2OC)ccc1C(O)=O
189,639390,C[C@@H](Nc1ccccc1C(O)=O)c1cc(C)cn2c1nc(cc2=O)N1CCOCC1
190,639450,N#CC[C@H](C1CCCC1)n1cc(cn1)-c1ncnc2[nH]ccc12
191,639759,CS(=O)(=O)N1CCN(Cc2cc3nc(nc(N4CCOCC4)c3s2)-c2cccc3[nH]ncc23)CC1
192,639962,Cc1cccc(n1)-c1[nH]c(nc1-c1ccc2nccnc2c1)C(C)(C)C
193,640007,CC(C)CC(=O)Nc1n[nH]c2c1CN(C(=O)C1CCN(C)CC1)C2(C)C
194,640011,CC(C)(C)c1cc(NC(=O)Nc2ccc(cc2)-c2cn3c(n2)sc2cc(OCCN4CCOCC4)ccc32)no1
195,640157,CCCCCCCCc1ccc(CCC(N)(CO)CO)cc1
196,640265,CN(c1ccc2c(C)n(C)nc2c1)c1ccnc(Nc2ccc(C)c(c2)S(N)(=O)=O)n1
197,641721,CN(C)CC1CN(C1)C(=O)Nc1cc(ccc1N)-c1ccc(F)cc1
198,648987,COc1ccc(cc1)S(=O)(=O)N(C(=O)C)c2ccccc2C=Cc3cc[n+]([O-])cc3
199,649420,CCCS(=O)(=O)Nc1ccc(F)c(C(=O)c2c[nH]c3ncc(cc23)-c2ccc(Cl)cc2)c1F
200,649862,C[C@@H](Oc1cc(sc1C(N)=O)-n1cnc2ccc(CN3CCN(C)CC3)cc12)c1ccccc1C(F)(F)F
201,651642,Cc1c(oc2ccc3ccccc3c12)[N+]([O-])=O
202,652975,CC(C)(C)c1ccc(cc1)S(=O)(=O)NCc1ccc(cc1)C(=O)Nc1cccnc1
203,657183,Fc1ccc(CNc2ncnc3ccc(F)cc23)cc1
204,659371,CC(C)N(CCCNC(=O)Nc1ccc(cc1)C(C)(C)C)C[C@H]1O[C@H](C(O)[C@H]1O)n1cnc2c(N)ncnc12
205,659682,COc1ccccc1[C@H]1c2c(NC3=C1C(=O)CC(C)(C)C3)n[nH]c2C(F)(F)F
206,660073,Cc1cc(CS(=O)(=O)c2ccccc2)cc(OCc2ccc(CN3CCC[C@@H]3CO)cc2)c1
207,660075,CS(=O)(=O)c1cccc(CNc2nc(Nc3ccc4NC(=O)CCc4c3)ncc2C(F)(F)F)c1
208,660078,COc1ccc(\C=C\C(=O)c2c(-c3ccccc3)c3ccccc3[nH]c2=O)cc1
209,660079,CCOC(=O)NC(=O)C(=C\c1ccc(Cl)c(Cl)c1)\C#N
210,660080,CN(C)c1ccc(cc1Br)C1Nc2ccc3ccccc3c2C2=C1C(=O)CC(C)(C)C2
211,660081,CC(C)(C)OC(=O)CN(Cc1ccc(s1)[N+]([O-])=O)Cc1ccc(Cl)cc1
212,660082,OC(=O)[C@@]1(CCCCCCOc2ccc(Cl)cc2)CO1
213,660083,Cc1c(cc(-c2ccccc2)n1CCCN1CCOCC1)C(=O)Nc1cccc(c1)C(F)(F)F
214,660084,CC1CC(C)CN(C1)c1cc(Nc2ccccc2C(O)=O)c2C(=O)c3ccccc3-c3onc1c23
215,660086,CCC(\C=C\[C@@H]1OC(=O)C=C[C@@H]1C)=C\[C@H](C)C\C=C\C(C)=C\[C@@H](C)C(=O)[C@@H](C)[C@H](O)[C@@H](C)C\C(C)=C\C(O)=O
216,660087,COc1cc(OC2CCN(C)CC2)ccc1Nc1ncc2n(C)c(=O)n(C3CCCC3)c2n1
217,660119,O=C(NCCN1CCC(CC1)n1c2ccccc2[nH]c1=O)c1ccc2ccccc2c1
218,660129,Cc1sc-2c(c1C)C(=N[C@@H](CC(=O)OC(C)(C)C)c1nnc(C)n-21)c1ccc(Cl)cc1.COc1cc2c(NC3CCN(CC3)C(C)C)nc(nc2cc1OCCCN1CCCC1)C1CCCCC1
219,660131,O=C1O[Pt]OC(=O)C11CCC1.ONC(=O)CCCCCCC(=O)Nc1ccccc1
220,660132,C(Cc1c[nH]c2ccccc12)Nc1ccc(Nc2ccncc2)cc1.CN(C)CCCNc1nc(CN2CCN(CC2)C(c2ccc(Cl)cc2)c2ccc(Cl)cc2)nc2ccccc12
221,660133,Cn1cnc2c(F)c(Nc3ccc(Br)cc3Cl)c(cc12)C(=O)NOCCO.CCCS(=O)(=O)Nc1ccc(F)c(C(=O)c2c[nH]c3ncc(cc23)-c2ccc(Cl)cc2)c1F
222,660134,CC(C)C[C@H](NC(=O)[C@H](Cc1ccccc1)NC(=O)c1cnccn1)B(O)O.CO[C@@H]1C[C@H](C[C@@H](C)[C@@H]2CC(=O)[C@H](C)\C=C(C)\[C@@H](O)[C@@H](OC)C(=O)[C@H](C)C[C@H](C)\C=C\C=C\C=C(C)\[C@H](C[C@@H]3CC[C@@H](C)[C@@](O)(O3)C(=O)C(=O)N3CCCC[C@H]3C(=O)O2)OC)CC[C@H]1O
223,660136,CCOC(=O)N[C@@H]1CC[C@@H]2[C@H](C[C@@H]3[C@@H]([C@@H](C)OC3=O)[C@H]2\C=C\c2ccc(cn2)-c2cccc(F)c2)C1
224,660137,CC(C)(C)c1cc(cc(c1)C(C)(C)C)C(=O)\C=C\c1ccc(cc1)C(O)=O
225,660139,CC(C)C[C@@H]1NC(=O)[C@H](CCCNC(N)=N)NC(=O)[C@H](Cc2c[nH]c3ccccc23)NC(=O)[C@H](CC(C)C)NC(=O)[C@H](CC(N)=O)NC(=O)[C@@](C)(CCCCCC\C=C/CCC[C@](C)(NC(=O)[C@H](CC(C)C)NC1=O)C(=O)N[C@@H](CCC(N)=O)C(=O)N[C@@H](CC(N)=O)C(N)=O)NC(=O)[C@H](Cc1ccccc1)NC(=O)[C@@H](NC(=O)[C@H](CCC(N)=O)NC(=O)[C@H](CCC(N)=O)NC(=O)[C@H](CO)NC(=O)[C@H](CCC(N)=O)NC(C)=O)[C@@H](C)O
226,660145,Fc1cccc(c1)N(C(C(=O)NC1CCCCC1)c1ccccc1Cl)C(=O)Cc1cccs1
227,660172,CC[C@H](NC(=O)[C@H](C)NC)C(=O)N1C[C@@H](O)C[C@H]1Cc1c([nH]c2cc(F)ccc12)-c1cc2c(C[C@@H]3C[C@H](O)CN3C(=O)[C@H](CC)NC(=O)[C@H](C)NC)cc(F)cc2[nH]1.CC1(C)CCC(=C(CN2CCN(CC2)c2ccc(cc2)C(=O)NS(=O)(=O)c2ccc(N[C@H](CCN3CCOCC3)CSc3ccccc3)c(c2)S(=O)(=O)C(F)(F)F)C1)c1ccc(Cl)cc1
228,660173,CC(C)C[C@H](NC(=O)[C@H](Cc1ccccc1)NC(=O)c1cnccn1)B(O)O.CC(C)(C)OC(=O)Nc1ccc(cc1)-c1cc(no1)C(=O)NCCCCCCC(=O)NO
229,660174,Cn1cnc2c(F)c(Nc3ccc(Br)cc3Cl)c(cc12)C(=O)NOCCO.CS(=O)(=O)N1CCN(Cc2cc3nc(nc(N4CCOCC4)c3s2)-c2cccc3[nH]ncc23)CC1
230,660175,CC(=C/CO)\C=C\C=C(C)\C=C\C1=C(C)CCCC1(C)C.Cn1cnc2c(F)c(Nc3ccc(Br)cc3Cl)c(cc12)C(=O)NOCCO
231,660176,ONC(=O)CCCCCCC(=O)Nc1ccccc1.Cn1cnc2c(F)c(Nc3ccc(Br)cc3Cl)c(cc12)C(=O)NOCCO
232,660178,Cn1cnc2c(F)c(Nc3ccc(Br)cc3Cl)c(cc12)C(=O)NOCCO.CC(C)N(CCCNC(=O)Nc1ccc(cc1)C(C)(C)C)C[C@H]1O[C@H]([C@H](O)[C@@H]1O)n1ccc2c(N)ncnc12
233,660179,CC(=C/CO)\C=C\C=C(C)\C=C\C1=C(C)CCCC1(C)C.CC1(C)CCC(=C(CN2CCN(CC2)c2ccc(cc2)C(=O)NS(=O)(=O)c2ccc(N[C@H](CCN3CCOCC3)CSc3ccccc3)c(c2)S(=O)(=O)C(F)(F)F)C1)c1ccc(Cl)cc1
234,660180,Nc1ncn([C@H]2C[C@H](O)[C@@H](CO)O2)c(=O)n1.CC1(C)CCC(=C(CN2CCN(CC2)c2ccc(cc2)C(=O)NS(=O)(=O)c2ccc(N[C@H](CCN3CCOCC3)CSc3ccccc3)c(c2)S(=O)(=O)C(F)(F)F)C1)c1ccc(Cl)cc1
235,660181,O=C1O[Pt]OC(=O)C11CCC1.CC(\C=C\C=C(C)\C=C\C1=C(C)CCCC1(C)C)=C/CO
236,660202,CCOC(=O)c1ccc(cc1)N1NC(=O)C(=Cc2ccc(o2)[N+]([O-])=O)C1=O
237,660206,COc1cc2c3n([C@H](C)c4ccccn4)c(=O)[nH]c3cnc2cc1-c1c(C)noc1C
238,660207,Nc1nc(OCc2cc(Br)cs2)c2[nH]cnc2n1
239,660216,Nc1ccn([C@@H]2O[C@H](CO)[C@@H](O)C2(F)F)c(=O)n1.CO[C@H]1C[C@H](C)CC2=C(NCC=C)C(=O)C=C(NC(=O)\C(C)=C\C=C/[C@H](OC)[C@@H](OC(N)=O)\C(C)=C\[C@H](C)[C@H]1O)C2=O
240,660217,CO[C@H]1C[C@H](C)CC2=C(NCC=C)C(=O)C=C(NC(=O)\C(C)=C\C=C/[C@H](OC)[C@@H](OC(N)=O)\C(C)=C\[C@H](C)[C@H]1O)C2=O.CC(=O)O[C@@]12CO[C@@H]1C[C@H](O)[C@]1(C)C2[C@H](OC(=O)c2ccccc2)[C@]2(O)C[C@H](OC(=O)[C@H](O)[C@@H](NC(=O)OC(C)(C)C)c3ccccc3)C(C)=C([C@@H](O)C1=O)C2(C)C
241,660218,Cn1cnc2c(F)c(Nc3ccc(Br)cc3Cl)c(cc12)C(=O)NOCCO.NC1(CCC1)c1ccc(cc1)-c1nc2ccn3c(n[nH]c3=O)c2cc1-c1ccccc1
242,660219,CCCS(=O)(=O)Nc1ccc(F)c(C(=O)c2c[nH]c3ncc(cc23)-c2ccc(Cl)cc2)c1F.CC1(C)CCC(=C(CN2CCN(CC2)c2ccc(cc2)C(=O)NS(=O)(=O)c2ccc(N[C@H](CCN3CCOCC3)CSc3ccccc3)c(c2)S(=O)(=O)C(F)(F)F)C1)c1ccc(Cl)cc1
243,660220,COc1cc(\C=C\C(=O)N2CCC=CC2=O)cc(OC)c1OC.Cn1cnc2c(F)c(Nc3ccc(Br)cc3Cl)c(cc12)C(=O)NOCCO
244,660221,CC(C)C[C@H](NC(=O)[C@H](Cc1ccccc1)NC(=O)c1cnccn1)B(O)O.CO[C@H]1C[C@H](C)CC2=C(NCC=C)C(=O)C=C(NC(=O)\C(C)=C\C=C/[C@H](OC)[C@@H](OC(N)=O)\C(C)=C\[C@H](C)[C@H]1O)C2=O
245,660222,Oc1cccc(C(=O)Nc2cccc(NC(=O)c3cccc(O)c3O)c2)c1O.CC1(C)CCC(=C(CN2CCN(CC2)c2ccc(cc2)C(=O)NS(=O)(=O)c2ccc(N[C@H](CCN3CCOCC3)CSc3ccccc3)c(c2)S(=O)(=O)C(F)(F)F)C1)c1ccc(Cl)cc1
246,660223,O=C1O[Pt]OC(=O)C11CCC1.COc1cc(cc(OC)c1O)[C@H]1[C@@H]2[C@H](COC2=O)[C@H](O[C@@H]2O[C@@H]3CO[C@@H](C)O[C@H]3[C@H](O)[C@H]2O)c2cc3OCOc3cc12
247,660224,COc1cc(\C=C\C(=O)N2CCC=CC2=O)cc(OC)c1OC.Oc1cccc(C(=O)Nc2cccc(NC(=O)c3cccc(O)c3O)c2)c1O
248,660225,Nc1ccn([C@@H]2O[C@H](CO)[C@@H](O)C2(F)F)c(=O)n1.CC1(C)CCC(=C(CN2CCN(CC2)c2ccc(cc2)C(=O)NS(=O)(=O)c2ccc(N[C@H](CCN3CCOCC3)CSc3ccccc3)c(c2)S(=O)(=O)C(F)(F)F)C1)c1ccc(Cl)cc1
249,660227,CC(C)c1ccccc1OC(=O)NCCc1ccc2ccccc2c1
250,660228,CC1(C)CC=C(c2cnc3ccccc3c2)c2cc(ccc12)C(=O)Nc1ccc(cc1)C(O)=O
251,660229,CCOc1ccccc1N\N=C1C(=O)N(N=C\1C)c1nc(cs1)-c1ccccc1
252,660230,Cc1cs\c(=N/C2CCCCC2)n1\N=C\c1ccc(O)c(O)c1O
253,660238,CC(C)[C@H](N(CCCN)C(=O)c1ccc(C)cc1)c1oc2cc(Cl)ccc2c(=O)c1Cc1ccccc1
254,660245,CCNC(=O)C[C@@H]1N=C(c2ccc(Cl)cc2)c2cc(OC)ccc2-n2c(C)nnc12
255,660246,CN1C(=O)N(Cc2cnc(Nc3cc(C)nn3C)nc12)c1cc(NC(=O)c2cccc(c2)C(F)(F)F)ccc1C.CC1(C)CCC(=C(CN2CCN(CC2)c2ccc(cc2)C(=O)NS(=O)(=O)c2ccc(N[C@H](CCN3CCOCC3)CSc3ccccc3)c(c2)S(=O)(=O)C(F)(F)F)C1)c1ccc(Cl)cc1
256,660247,O=C1O[Pt]OC(=O)C11CCC1.Cc1sc-2c(c1C)C(=N[C@@H](CC(=O)OC(C)(C)C)c1nnc(C)n-21)c1ccc(Cl)cc1
257,660248,Cn1cnc2c(F)c(Nc3ccc(Br)cc3Cl)c(cc12)C(=O)NOCCO.CC1(C)CCC(=C(CN2CCN(CC2)c2ccc(cc2)C(=O)NS(=O)(=O)c2ccc(N[C@H](CCN3CCOCC3)CSc3ccccc3)c(c2)S(=O)(=O)C(F)(F)F)C1)c1ccc(Cl)cc1
258,660249,Nc1ncn([C@H]2C[C@H](O)[C@@H](CO)O2)c(=O)n1.Cn1cnc2c(F)c(Nc3ccc(Br)cc3Cl)c(cc12)C(=O)NOCCO
259,660251,CC(C)C[C@H](NC(=O)[C@H](Cc1ccccc1)NC(=O)c1cnccn1)B(O)O.CC1(C)Cc2c(c(nn2-c2ccc(C(N)=O)c(N[C@H]3CC[C@H](O)CC3)c2)C(F)(F)F)C(=O)C1
260,660253,OC(=O)CC[C@H]1CC[C@@](CC1)(c1cc(F)ccc1F)S(=O)(=O)c1ccc(Cl)cc1.Cc1sc-2c(c1C)C(=N[C@@H](CC(=O)OC(C)(C)C)c1nnc(C)n-21)c1ccc(Cl)cc1
261,660268,CC(C)N(CCCNC(=O)Nc1ccc(cc1)C(C)(C)C)C[C@H]1O[C@H]([C@H](O)[C@@H]1O)n1ccc2c(N)ncnc12.CC1(C)CCC(=C(CN2CCN(CC2)c2ccc(cc2)C(=O)NS(=O)(=O)c2ccc(N[C@H](CCN3CCOCC3)CSc3ccccc3)c(c2)S(=O)(=O)C(F)(F)F)C1)c1ccc(Cl)cc1
262,660269,CC(C(=O)Nc1cccc(c1)\N=C\c1c(O)ccc2ccccc12)c1ccccc1.CCCS(=O)(=O)Nc1ccc(F)c(C(=O)c2c[nH]c3ncc(cc23)-c2ccc(Cl)cc2)c1F
263,660270,COc1cc2c(NC3CCN(CC3)C(C)C)nc(nc2cc1OCCCN1CCCC1)C1CCCCC1.CC1(C)CCC(=C(CN2CCN(CC2)c2ccc(cc2)C(=O)NS(=O)(=O)c2ccc(N[C@H](CCN3CCOCC3)CSc3ccccc3)c(c2)S(=O)(=O)C(F)(F)F)C1)c1ccc(Cl)cc1
264,660271,O=C1O[Pt]OC(=O)C11CCC1.CC(C)N(CCCNC(=O)Nc1ccc(cc1)C(C)(C)C)C[C@H]1O[C@H]([C@H](O)[C@@H]1O)n1ccc2c(N)ncnc12
265,660280,COc1cccc2C(=O)c3c(O)c4C[C@](O)(C[C@H](O[C@H]5C[C@H](N)[C@H](O)[C@H](C)O5)c4c(O)c3C(=O)c12)C(=O)CO.CC1(C)CCC(=C(CN2CCN(CC2)c2ccc(cc2)C(=O)NS(=O)(=O)c2ccc(N[C@H](CCN3CCOCC3)CSc3ccccc3)c(c2)S(=O)(=O)C(F)(F)F)C1)c1ccc(Cl)cc1
266,660281,Cn1cnc2c(F)c(Nc3ccc(Br)cc3Cl)c(cc12)C(=O)NOCCO.COc1cc2c(NC3CCN(CC3)C(C)C)nc(nc2cc1OCCCN1CCCC1)C1CCCCC1
267,660282,COc1cc(Nc2ncc3CN=C(c4cc(Cl)ccc4-c3n2)c2c(F)cccc2OC)ccc1C(O)=O.CC1(C)CCC(=C(CN2CCN(CC2)c2ccc(cc2)C(=O)NS(=O)(=O)c2ccc(N[C@H](CCN3CCOCC3)CSc3ccccc3)c(c2)S(=O)(=O)C(F)(F)F)C1)c1ccc(Cl)cc1
268,660283,CNC(=O)c1cc(Oc2ccc(NC(=O)Nc3ccc(Cl)c(c3)C(F)(F)F)cc2)ccn1.CC1(C)CCC(=C(CN2CCN(CC2)c2ccc(cc2)C(=O)NS(=O)(=O)c2ccc(N[C@H](CCN3CCOCC3)CSc3ccccc3)c(c2)S(=O)(=O)C(F)(F)F)C1)c1ccc(Cl)cc1
269,660284,COc1cc(\C=C\C(=O)N2CCC=CC2=O)cc(OC)c1OC.CC1(C)CCC(=C(CN2CCN(CC2)c2ccc(cc2)C(=O)NS(=O)(=O)c2ccc(N[C@H](CCN3CCOCC3)CSc3ccccc3)c(c2)S(=O)(=O)C(F)(F)F)C1)c1ccc(Cl)cc1
270,660286,O=C1c2ccccc2-c2nc3nonc3nc12
271,660287,Nc1ncnc2n(cc(-c3cccc(OCc4ccccc4)c3)c12)[C@H]1C[C@H](CN2CCCC2)C1
272,660301,ONC(=O)CCCCCCC(=O)Nc1ccccc1.CC1(C)CCC(=C(CN2CCN(CC2)c2ccc(cc2)C(=O)NS(=O)(=O)c2ccc(N[C@H](CCN3CCOCC3)CSc3ccccc3)c(c2)S(=O)(=O)C(F)(F)F)C1)c1ccc(Cl)cc1
273,660304,COc1cc(Nc2nc3ccccc3nc2NS(=O)(=O)c2ccc(NC(=O)c3ccc(C)c(OC)c3)cc2)cc(OC)c1
274,660314,COc1ccc(CN2c3nnnn3C3C(C2=O)C2(CCCC2)Cc2ccccc32)cc1
275,660317,CC(=O)Nc1nc(C)c(s1)S(=O)(=O)Nc1ccc(cc1)C(O)(C(F)(F)F)C(F)(F)F
276,660321,CC1(C)CCC(C)(C)c2cc(ccc12)[C@@H](O)C(=O)Nc1ccc(cc1F)C(O)=O
277,660322,CC(C)N1C(\C=C\C(O)CC(O)CC(O)=O)C(c2ccccc12)c1ccc(F)cc1
278,660325,COc1cc(CCc2cc(NC(=O)c3ccc(cc3)N3C[C@H](C)N[C@H](C)C3)n[nH]2)cc(OC)c1
279,660327,CC(C)C(=O)[C@@]12C(=O)C(CC=C(C)C)C(=O)C(CC=C(C)C)(C[C@H](CC=C(C)C)[C@@]1(C)CCC=C(C)C)C2=O
280,660331,O=C(Nc1nc2ccc(NC(=O)C34C[C@H]5C[C@H](C[C@H](C5)C3)C4)cc2s1)c1ccccc1
281,660332,OC(=O)CC[C@H]1CC[C@@](CC1)(c1cc(F)ccc1F)S(=O)(=O)c1ccc(Cl)cc1
282,660341,CC(C)[C@H](O)C(=O)N[C@@H](C)C(=O)N[C@H]1c2ccccc2CCN(C)C1=O
283,660346,COc1cc(Nc2cc(nc3cc(OCCCN4CCN(C)CC4)c(OC)cc23)C#N)c(Cl)cc1Cl
284,660358,CO[C@@H]1C[C@H](C[C@@H](C)[C@@H]2CC(=O)[C@H](C)\C=C(C)\[C@@H](O)[C@@H](OC)C(=O)[C@H](C)C[C@H](C)\C=C\C=C\C=C(C)\[C@H](C[C@@H]3CC[C@@H](C)[C@@](O)(O3)C(=O)C(=O)N3CCCC[C@H]3C(=O)O2)OC)CC[C@H]1OC(=O)C(C)(CO)CO
285,660391,COc1nc(N)nc2n(cnc12)[C@@H]1O[C@H](CO)[C@@H](O)[C@@H]1O
286,660397,COc1cc(OC)c(\C=C\S(=O)(=O)Cc2ccc(OC)c(NCC(O)=O)c2)c(OC)c1
287,660410,OCC(O)CONC(=O)c1cc(Br)c(F)c(F)c1Nc1ccc(I)cc1F
288,660411,C[C@H]1CN(CC(=O)Nc2ccc3Sc4c(Cc3c2)cccc4-c2cc(=O)cc(o2)N2CCOCC2)C[C@@H](C)O1
289,660412,Cc1ccc(cc1)-n1nc(cc1NC(=O)Nc1ccc(OCCN2CCOCC2)c2ccccc12)C(C)(C)C
290,660413,O=C(N1CCNCC1)c1ccc(cc1)\C=C\c1n[nH]c2ccccc12
291,660414,Cn1c(Nc2ccc(cc2)C(F)(F)F)nc2cc(Oc3ccnc(c3)-c3ncc([nH]3)C(F)(F)F)ccc12
292,660421,OC(=O)c1ccc2c(c1)nc(Nc1cccc(Cl)c1)c1ccncc21
293,660429,O=C(NCC#N)c1ccc(cc1)-c1ccnc(Nc2ccc(cc2)N2CCOCC2)n1
294,660430,CC[C@H](Nc1ncnc2[nH]cnc12)c1nc2cccc(F)c2c(=O)n1-c1ccccc1
295,660431,Cc1cccc(n1)-c1nn2CCCc2c1-c1ccnc2ccc(cc12)C(N)=O
296,660432,CCC[C@H](NC(=O)C(=C\c1cccc(Br)n1)\C#N)c1ccccc1
297,660433,COc1cccc2cc([nH]c12)-c1nc([C@H]2CC[C@@H](CC2)C(O)=O)n2ncnc(N)c12
298,660434,Fc1cc(cc(F)c1CN1CCOCC1)-c1cccc2ncc(nc12)-c1cnn(c1)C1CCNCC1
299,660768,COCCOc1cc2ncnc(Nc3cccc(c3)C#C)c2cc1OCCOC.CCCS(=O)(=O)Nc1ccc(F)c(C(=O)c2c[nH]c3ncc(cc23)-c2ccc(Cl)cc2)c1F
300,660774,CC(=O)Nc1nc(C)c(s1)-c1ccc(Cl)c(c1)S(=O)(=O)NCCO
301,660777,NC(=O)Nc1cc(sc1C(=O)N[C@H]1CCCNC1)-c1cccc(F)c1
302,660778,CC[C@H](NC(=O)[C@H](C)NC)C(=O)N1C[C@@H](O)C[C@H]1Cc1c([nH]c2cc(F)ccc12)-c1cc2c(C[C@@H]3C[C@H](O)CN3C(=O)[C@H](CC)NC(=O)[C@H](C)NC)cc(F)cc2[nH]1
303,660779,O=C(Cc1ccc(cn1)-c1ccc(OCCN2CCOCC2)cc1)NCc1ccccc1
304,660796,OC(=O)\C=C\c1ccc(c(Cl)c1)-c1ccc(O)c(c1)C12C[C@H]3C[C@H](C[C@H](C3)C1)C2
305,660819,CC(C)CNc1ccnc(NCc2csc(n2)-c2ccccc2)n1
306,660821,CC(C)OC(=O)C1=CN(CC(C)(C)c2c1[nH]c1ccccc21)C(=O)c1ccc(F)c(F)c1
307,660823,ONC(=O)CCCCCCC(=O)Nc1ccccc1.Cc1sc-2c(c1C)C(=N[C@@H](CC(=O)OC(C)(C)C)c1nnc(C)n-21)c1ccc(Cl)cc1
308,660839,CC(C)C[C@H](NC(=O)[C@H](C)NC(=O)[C@H](CCCCN)NC(=O)[C@H](CCCNC(N)=N)NC(C)=O)C(=O)N[C@@H](CCC(O)=O)C(=O)N[C@@H]([C@@H](C)O)C(=O)N[C@@H](CC(C)C)C(=O)N[C@@H](CCCNC(N)=N)C(=O)N[C@@H](CCCNC(N)=N)C(=O)N[C@@H](C(C)C)C(=O)N[C@@H](CCC(O)=O)C(=O)N[C@@H](CC(O)=O)C(=O)NCC(=O)N[C@@H](C(C)C)C(=O)N[C@@]1(C)CCC\C=C/CCC[C@](C)(NC(=O)[C@H](Cc2cnc[nH]2)NC(=O)[C@H](CC(N)=O)NC(=O)[C@H](CCCNC(N)=N)NC1=O)C(=O)N[C@@H]([C@@H](C)O)C(=O)N[C@@H](C)C(=O)N[C@@H](Cc1ccccc1)C(N)=O
309,660857,C[C@@H](Oc1cc(cnc1N)-c1cnn(c1)C1CCNCC1)c1c(Cl)ccc(F)c1Cl.CCCS(=O)(=O)Nc1ccc(F)c(C(=O)c2c[nH]c3ncc(cc23)-c2ccc(Cl)cc2)c1F
310,665818,CC1(C)CCC(=C(CN2CCN(CC2)c2ccc(cc2)C(=O)NS(=O)(=O)c2ccc(N[C@H](CCN3CCOCC3)CSc3ccccc3)c(c2)S(=O)(=O)C(F)(F)F)C1)c1ccc(Cl)cc1.CC(C)C[C@H](NC(=O)[C@H](C)NC(=O)[C@H](CCCCN)NC(=O)[C@H](CCCNC(N)=N)NC(C)=O)C(=O)N[C@@H](CCC(O)=O)C(=O)N[C@@H]([C@@H](C)O)C(=O)N[C@@H](CC(C)C)C(=O)N[C@@H](CCCNC(N)=N)C(=O)N[C@@H](CCCNC(N)=N)C(=O)N[C@@H](C(C)C)C(=O)NCC(=O)N[C@@H](CC(O)=O)C(=O)NCC(=O)N[C@@H](C(C)C)C(=O)N[C@@]1(C)CCC\C=C/CCC[C@](C)(NC(=O)[C@H](Cc2cnc[nH]2)NC(=O)[C@H](CC(N)=O)NC(=O)[C@H](CCCNC(N)=N)NC1=O)C(=O)N[C@@H]([C@@H](C)O)C(=O)N[C@@H](C)C(=O)N[C@@H](Cc1ccccc1)C(N)=O
311,686134,CC1=NN(C(=O)C\1=N\Nc1ccccc1C(O)=O)c1nc(cs1)-c1ccccc1
312,705300,CC1(O)CC(C1)c2nc(c3ccc4ccc(nc4c3)c5ccccc5)c6c(N)nccn26
313,17712,C1CN(CCO1)c1nnc(-c2ccccc2)c(n1)-c1ccccc1
314,18311,OC(CN1CCNCC1)Cn1c2ccc(Br)cc2c2cc(Br)ccc12
315,23151,CC(=CC=CC(=CC(=O)O)C)C=CC1=C(C)CCCC1(C)C
316,44503,CCN(CC)CCCC(C)Nc1nc(C)cc(Nc2ccc3nc(C)cc(N)c3c2)n1
317,45093,CC(C)n1cnc2c(NCc3ccccc3)nc(NCCO)nc12
318,53705,COc1cc2nc(nc(NC3CCN(Cc4ccccc4)CC3)c2cc1OC)N1CCCN(C)CC1
319,277354,CC1CC2C3CCC4=CC(=O)C=CC4(C)C3(F)C(O)CC2(C)C1(O)C(=O)CO
320,348991,Cn1cnc2c(F)c(Nc3ccc(Br)cc3Cl)c(cc12)C(=O)NOCCO
321,375390,CCCCCCCCCCC(C)(C)C(=O)Nc1c(OC)cc(OC)cc1OC
322,375435,CN1C(=S)NC(Cc2c[nH]c3ccccc23)C1=O
323,411724,CCCCC\C=C/C\C=C/C\C=C/C\C=C/CCCC(=O)C(F)(F)F
324,411808,Cc1cnc(Nc2ccc(OCCN3CCCC3)cc2)nc1Nc1cccc(c1)S(=O)(=O)NC(C)(C)C
325,411833,CN1C(=O)N(Cc2cnc(Nc3cc(C)nn3C)nc12)c1cc(NC(=O)c2cccc(c2)C(F)(F)F)ccc1C
326,411859,Cc1cc(cc2[nH]c(nc12)-c1c(NC[C@@H](O)c2cccc(Cl)c2)cc[nH]c1=O)N1CCOCC1
327,464458,COc1cc2c(ncnc2cc1OCCCN1CCCCC1)N1CCN(CC1)C(=O)Nc1ccc(OC(C)C)cc1
328,606470,Nc1nc(N)c2nc(-c3cccc(O)c3)c(nc2n1)-c1cccc(O)c1
329,628603,C[C@@H](Oc1cc(cnc1N)-c1cnn(c1)C1CCNCC1)c1c(Cl)ccc(F)c1Cl
330,634309,CS(=O)(=O)CCNCc1ccc(o1)-c1ccc2ncnc(Nc3ccc(OCc4cccc(F)c4)c(Cl)c3)c2c1
331,660130,O=C1O[Pt]OC(=O)C11CCC1.COc1cc2c(NC3CCN(CC3)C(C)C)nc(nc2cc1OCCCN1CCCC1)C1CCCCC1
332,660177,Cn1cnc2c(F)c(Nc3ccc(Br)cc3Cl)c(cc12)C(=O)NOCCO.Cc1sc-2c(c1C)C(=N[C@@H](CC(=O)OC(C)(C)C)c1nnc(C)n-21)c1ccc(Cl)cc1
333,660250,O=C1O[Pt]OC(=O)C11CCC1.Nc1ncn([C@H]2C[C@H](O)[C@@H](CO)O2)c(=O)n1
334,660252,Cc1sc-2c(c1C)C(=N[C@@H](CC(=O)OC(C)(C)C)c1nnc(C)n-21)c1ccc(Cl)cc1.CC1(C)CCC(=C(CN2CCN(CC2)c2ccc(cc2)C(=O)NS(=O)(=O)c2ccc(N[C@H](CCN3CCOCC3)CSc3ccccc3)c(c2)S(=O)(=O)C(F)(F)F)C1)c1ccc(Cl)cc1
335,660840,COc1cc2nccc(Oc3ccc(NC(=O)C4(CC4)C(=O)Nc4ccc(F)cc4)cc3)c2cc1OC
336,24173,Oc1ccc(CCC(=O)c2c(O)cc(O)cc2O)cc1
337,622911,Cc1cnc2c(NCCN)nc3ccc(C)cc3n12
338,32653,Oc1ccc(Cl)cc1C(=O)Nc1ccc(cc1Cl)[N+]([O-])=O
339,52926,COc1cc2ncnc(Nc3ccc(F)c(Cl)c3)c2cc1OCCCN1CCOCC1
340,56554,ONC(=O)CCCCCCC(=O)Nc1ccccc1
341,58455,CC1(C)CCC(C)(C)c2cc(ccc12)C(=O)Nc1ccc(cc1)C(O)=O
342,215497,COc1cc(c(Cl)cc1Cl)-n1c(=S)[nH]c2ccccc2c1=O
343,348990,CNC(=O)c1ccccc1Sc1ccc2c(\C=C\c3ccccn3)n[nH]c2c1
344,362342,CC1(C)CCC(=C(CN2CCN(CC2)c2ccc(cc2)C(=O)NS(=O)(=O)c2ccc(N[C@H](CCN3CCOCC3)CSc3ccccc3)c(c2)S(=O)(=O)C(F)(F)F)C1)c1ccc(Cl)cc1
345,375560,COc1cc2nccc(Oc3ccc(NC(=O)Nc4ccc(F)cc4F)c(F)c3)c2cc1OC
346,417987,CC(C)C[C@H]([C@H](O)C(=O)NO)C(=O)N[C@H](C(=O)OC1CCCC1)c1ccccc1
347,601923,CCN(CCO)CCCOc1ccc2c(Nc3cc(CC(=O)Nc4cccc(F)c4)[nH]n3)ncnc2c1
348,660208,C[C@@]1(CO)CN(C[C@]1(C)CO)c1cc(C(=O)Nc2ccc3CCc4c(nn(c4-c3c2)-c2ccc(F)cc2)C(N)=O)c(Cl)cn1
349,660409,Clc1ccc(cc1)C1(CCNCC1)c1ccc(cc1)-c1cn[nH]c1
350,52133,COc1cc2ncnc(Nc3cccc(Br)c3)c2cc1OC
351,54200,CC(=O)Nc1ccc(cc1)C(=O)Nc1ccccc1N
352,348992,Cn1c2cnc3ccc(cc3c2n(-c2ccc(cc2)C(C)(C)C#N)c1=O)-c1cnc2ccccc2c1
353,411856,CC1(C)Oc2ccc3C4=C[C@@]56NC(=O)[C@]7(CCCN7C5=O)C[C@H]6C(C)(C)C4=[N+]([O-])c3c2C=C1
354,478694,ONC(=O)c1ccncc1
355,580922,CCC(=O)OCN1C(=O)C=CC1=O
356,607696,COc1cc(ccc1Nc1ncc2N(C)C(=O)c3ccccc3N(C)c2n1)C(=O)N1CCC(CC1)N1CCN(C)CC1
357,660085,CCOC(=O)c1c(C(=CN)C#N)c2ccc(Cl)c(Cl)c2n1C
358,660363,C[C@]12CC[C@H]3[C@@H](CC=C4C[C@@H](O)CC[C@]34C)[C@@H]1CC=C2c1cccnc1
359,660935,COc1cc(cc(c1)C(F)(F)F)-c1ncn(\C=C/C(=O)OC(C)C)n1
360,660985,Brc1ccc(cc1)\C=C1/SC(NS(=O)(=O)c2cccc3ccccc23)=NC1=O
361,660993,Nc1nc(Nc2ccc3CC[C@@H](CCc3c2)N2CCCC2)nn1-c1cc2CCCc3ccccc3-c2nn1
362,660994,Nc1ncnc2n(nc(-c3ccc(Oc4ccccc4)cc3)c12)[C@@H]1CCCN(C1)C(=O)C=C
363,661032,CN1CCN(CC1)c1nc(C2=C(C(=O)NC2=O)c2c[nH]c3ccccc23)c2ccccc2n1
364,661033,C[C@H](\N=C(\NC#N)Nc1cccc2ncccc12)c1ccccc1
365,666541,CC1(C)CCC(CN2CCN(CC2)c2ccc(C(=O)NS(=O)(=O)c3ccc(NCC4CCOCC4)c(c3)[N+]([O-])=O)c(Oc3cnc4[nH]ccc4c3)c2)=C(C1)c1ccc(Cl)cc1
366,666716,CC(C)(C#N)c1ccc(cc1)N1C(=O)OCc2cnc3ccc(cc3c12)-c1cnc2ccccc2c1
367,666910,Oc1ccccc1C(=O)c1[nH]c(Cl)c(Cl)c1-n1c(cc(Cl)c1Cl)C(=O)c1ccccc1O
368,667933,COC(=O)\C=C\C(=O)N(O)CCCCNCc1ccc(COC(=O)Nc2cccc3ccccc23)cc1
369,668495,Cc1nc(NC(=O)N2CCC[C@H]2C(N)=O)sc1-c1ccnc(c1)C(C)(C)C(F)(F)F
370,668723,Cc1nc2c(cc(cc2n1Cc1cccc(c1C)C(F)(F)F)N1CCOCC1)C(O)=O
371,679843,Clc1ccc-2c(c1)C(=O)c1nc(C#N)c(nc-21)C#N
372,679844,CCCCCCCCCC[C@H]1[C@H](CCc2ccc(OC)c(OC)c2)OC1=O
373,682993,COc1ccc(cc1)C1(CNC(=O)c2ccc(NC(=O)c3ccco3)cc2)CCOCC1
374,710154,CNC(C)C(=O)NC1CN(CCC2CCC(N2C1=O)C(=O)NC(c3ccccc3)c4ccccc4)C(=O)CC(C)C
375,616352,CC(C(=O)Nc1cccc(c1)\N=C\c1c(O)ccc2ccccc12)c1ccccc1
376,640366,COc1cc(ccc1Nc1ncc(Cl)c(Oc2cccc(NC(=O)C=C)c2)n1)N1CCN(C)CC1
377,654278,OC(=O)[C@@H]1CCCC[C@@H]1C(=O)N1CCc2ccccc2[C@H]1CN1C(=O)c2ccccc2C1=O
378,606471,O=C1NC(=O)\C(S1)=C\c1ccc2nccc(-c3ccncc3)c2c1
379,651306,CCC(C)C(NC(=O)C(CCCNC(=N)N)NC(=O)C(CCCNC(=N)N)NC(=O)C(CCCNC(=N)N)NC(=O)C(CC(C)C)NC(=O)C(CCCNC(=N)N)NC(=O)C(CCC(=O)O)NC(=O)CCNC(=O)C)C(=O)NC1(C)CCCC=CCCCC(C)(NC(=O)C(CCCNC(=N)N)NC(=O)C(CS)NC(=O)C(CC(C)C)NC1=O)C(=O)NC(Cc2c[nH]cn2)C(=O)NC(Cc3c[nH]cn3)C(=O)NC(CO)C(=O)NC(C(C)O)C(=O)N
380,659226,FC(F)(F)c1ccc(Nc2nccc(n2)-c2cccc(Cl)c2)cc1
381,660890,C[C@H](O)[C@@H]1[C@H](CO)ON(Cc2cccc(CN(CCN(C)C)[C@H](C3CCCCC3)c3ccccc3)c2)[C@@H]1C(=O)N[C@H]1C[C@H]2C[C@@H]([C@@H]1C)C2(C)C.C[C@H](O)[C@@H]1[C@H](CO)ON(Cc2cccc(CN(CCN(C)C)[C@@H](C3CCCCC3)c3ccccc3)c2)[C@@H]1C(=O)N[C@H]1C[C@H]2C[C@@H]([C@@H]1C)C2(C)C
382,24197,O=C1N(C2CCC(=O)NC2=O)C(=O)c2ccccc12
383,60225,ONC(=O)\C=C\c1cccc(c1)S(=O)(=O)Nc1ccccc1
384,345712,Nc1nc(OCc2ccccc2)c2[nH]cnc2n1
385,606136,COc1cc2c(Oc3ccc4[nH]c(C)cc4c3F)ncnc2cc1OCCCN1CCCC1
386,660306,C[C@H](Nc1ncc(Cl)c(Nc2cc(C)[nH]n2)n1)c1ncc(F)cn1
387,660342,Cc1ccccc1C(N(C(=O)Cc1ccncc1)c1cccc(F)c1)C(=O)NC1CCCCC1
388,687406,O=C1NC(=O)[C@H]([C@@H]1c1c[nH]c2ccccc12)c1cn2CCCc3cccc1c23
389,687418,CC(=O)Nc1cccc(c1)-n1c2c(C)c(=O)n(C)c(Nc3ccc(I)cc3F)c2c(=O)n(C2CC2)c1=O
390,687577,CC(C)(C(=O)NCC(F)(F)C(F)(F)F)C(=O)N[C@H]1c2ccccc2-c2ccccc2NC1=O
391,687578,CCc1cnn2c(NCc3ccc[n+]([O-])c3)cc(nc12)N1CCCC[C@H]1CCO
392,687579,C[C@@H](NC(=O)c1ncnc(N)c1Cl)c1ncc(s1)C(=O)Nc1cc(c(Cl)cn1)C(F)(F)F
393,687661,CC(C)n1ncc2c(cc(Br)cc12)C(=O)NCc1c(C)cc(C)[nH]c1=O
394,687694,CCn1c2nc(\C=C\c3ccc(OC)c(OC)c3)n(C)c2c(=O)n(CC)c1=O
395,687714,CCCc1cc2c(ncnc2s1)N1CCN(CC1)C1=NCC(C)(C)S1
396,687715,CC(C)n1ncc2c(cc(cc12)-c1ccc(nc1)N1CCNCC1)C(=O)NCc1c(C)cc(C)[nH]c1=O
397,687720,CN1CC[C@H]([C@H](O)C1)c1c(O)cc(O)c2c1oc(cc2=O)-c1ccccc1Cl
398,687721,COC(=O)c1cc(CN2CCN(CC2)C(N)=N)cc(c1)C(=O)N1CCN(CC1)C(=O)c1ccc(cc1)C(N)=N
399,687953,CN(C)C[C@@H](NC(=O)N1Cc2c(Nc3nc(C)nc4ccsc34)n[nH]c2C1(C)C)c1ccccc1
400,687954,CC(C)(C)c1nc(c(s1)-c1ccnc(N)n1)-c1cccc(NS(=O)(=O)c2c(F)cccc2F)c1F
401,688138,CC1(C)CCN(CC1)c1ccc(cc1)C(=O)NS(=O)(=O)c1ccc(NCCSc2ccccc2)c(c1)[N+]([O-])=O
402,688229,CC(C)c1cc(C(=O)N2Cc3ccc(CN4CCN(C)CC4)cc3C2)c(O)cc1O
403,688799,OC[C@@H](O)COc1ccc2CCc3cc(Nc4ccc(F)cc4F)ccc3C(=O)c2c1
404,688962,Nc1ncnc2n(nc(COc3cccc(Cl)c3)c12)C1CCOCC1
405,340501,CN1CCN(CC1)c1cc(Nc2cc(C)[nH]n2)nc(Sc2ccc(NC(=O)C3CC3)cc2)n1
406,467037,CO[C@H]1\C=C\C=C(C)\C[C@@H](C)[C@H](O)[C@H](C)\C=C(C)\C=C(OC)\C(=O)O[C@@H]1[C@@H](C)[C@@H](O)[C@H](C)[C@H]1C[C@@H](O)[C@H](C)[C@H](O1)C(C)C
407,668858,CCOC(=O)C1Cc2ccccc2CN1C(=O)c1ccc(SC)s1
408,687735,CCOC(=O)CCNc1cc(nc(n1)-c1ccccn1)N1CCc2ccccc2CC1
409,689136,CC(C)(C)c1ccc2cc(C#N)c(cc2c1)C#N.CN1CCN(CC1)c1ccc(Nc2ncc3c(n2)n(-c2cccc(n2)C(C)(C)O)n(CC=C)c3=O)cc1
410,689506,Cc1c(sc(=O)n1C)-c1ccnc(Nc2ccc(cc2)N2CCNCC2)n1
411,58948,CC(C)C[C@H](NC(=O)[C@H](CC(C)C)NC(=O)[C@H](CC(C)C)NC(=O)OCc1ccccc1)C=O
